{"train_loss": [52.44646514089484, 34.24130996904875, 10.16118890360782, 7.952250957489014, 7.4325948765403345, 7.034311143975509, 6.260841670789216, 4.521530590559307, 1.6996329018944187, 0.889782212282482, 0.5540488001547361, 0.38285930729226064, 0.2850919310983859, 0.22223633606182902, 0.17129205637856534, 0.14089984838899813, 0.11719765651382898, 0.09186176249855443, 0.07535133255939734, 0.07521155006007145, 0.0654043685644865, 0.04894826051435972, 0.04181022608750745, 0.04019422525245892, 0.03605998856456656, 0.03161474699644666, 0.029329361001911917, 0.026051307440196212, 0.023461351759339635, 0.023483142599855598, 0.0212951112832678, 0.019526534027567034, 0.01718063637810318, 0.015389734143881421, 0.01857328929595257, 0.013096953006951432, 0.011793181177620826, 0.010661906464711615, 0.01463843284076766, 0.018386160464663254], "val_loss": [50.69977386238039, 18.54491380573243, 8.213758686716242, 7.944463299688443, 7.821827746638956, 7.221225927042407, 6.196963421134061, 3.0239860770083213, 1.0757672719715177, 0.7285852683780267, 0.4121824593044991, 0.3076261845670005, 0.22794781957370366, 0.2174534554044579, 0.1381673325401868, 0.11432163405788037, 0.09248408836911814, 0.0882303459324347, 0.07005222751073135, 0.0674634693666946, 0.06112036728408447, 0.04435038169513839, 0.03834292795075927, 0.047928771711597144, 0.030981700253752312, 0.02796097242006267, 0.028579016656492106, 0.02133132245882537, 0.019192513165085814, 0.01930321936401748, 0.018040485463516658, 0.015506522383454234, 0.015161491230187951, 0.017262789114854883, 0.016816176791754803, 0.012221018198964208, 0.010366414868554403, 0.015292023532381353, 0.022330655261527662, 0.017657271937296597]}