{"train_loss": [51.38667799297132, 22.773173934534977, 8.048055247256631, 6.849002361297607, 5.837954972919665, 4.3711545341893245, 2.0236535323293587, 0.8548579702251836, 0.5217228696534508, 0.35496373396170766, 0.23526191397717125, 0.17361015120619222, 0.13375644150533175, 0.09965076258308009, 0.08064540730495202, 0.058763213847812856, 0.048727487458994516, 0.043358810736160526, 0.03821767866611481, 0.032857790687366537, 0.030562772415578365, 0.029835696185105724, 0.025258727420709635, 0.02400474024838523, 0.021010571404507284, 0.019486725477403717, 0.018017587546063096, 0.018948017080363474, 0.01581126951465481, 0.01664776938330186, 0.017434644855951007, 0.01873133284971118, 0.013014239504149086, 0.01303121555400522, 0.01050997944548726, 0.010186748162500169, 0.012619459070265293, 0.010234969373988477, 0.008806900219305566, 0.00818205931174912], "val_loss": [42.627087829648985, 6.417841733888138, 5.699904567511507, 5.410805842673132, 4.158964097961899, 2.770581374796786, 0.8531246749005577, 0.4538994967475418, 0.2745622140030528, 0.17754396472790446, 0.13055096220138462, 0.11921216559040454, 0.13688957194487253, 0.08205577750083838, 0.06742255423622306, 0.03643280147882124, 0.03619697791805794, 0.03527789756424667, 0.029231487415990857, 0.027671336138606534, 0.024727744981646538, 0.02898475973931856, 0.021622310334802136, 0.019525989449705728, 0.018684215150600255, 0.019862375648100245, 0.02035886010285034, 0.0174461892668822, 0.015149779679152623, 0.024872147434845913, 0.019278133259147637, 0.013715369258682395, 0.012956399889301884, 0.014018114287110204, 0.011548699984370275, 0.016701353497283404, 0.013196327528634737, 0.009833269496267848, 0.011482881378497957, 0.01221693912160027]}